DROP TABLE DEPT;
CREATE TABLE DEPT
(ID INT PRIMARY KEY,
DEPT_NAME VARCHAR(20),
LEADER_ID INT,
);
INSERT INTO DEPT VALUES(1,'行政部',1);
INSERT INTO DEPT VALUES(2,'人事部',2);
INSERT INTO DEPT VALUES(3,'财务部',3);

DROP TABLE EMP;
CREATE TABLE EMP
(ID INT PRIMARY KEY,
STAFF_NO VARCHAR(10),
STAFF_NAME VARCHAR(20),
PHONE VARCHAR(20),
ADDRESS VARCHAR(255),
STATUS VARCHAR(10),
ENTRY_DATE DATE,
OUT_DATE DATE,
EMERGENCY_CONTACT VARCHAR(20),
EMERGENCY_CONTACT_PHONE VARCHAR(20),
EMAIL VARCHAR(50),
DEPT_ID INT,
);
INSERT INTO EMP VALUES(1,'88880001','陈大文','13988880001','猫儿胡同001号','在职','2014-03-15',null,'陈老文','13688880001','88880001@qq.com',1);
INSERT INTO EMP VALUES(2,'88880002','陈二文','13988880002','猫儿胡同002号','在职','2014-03-15',null,'陈老文','13688880002','88880002@qq.com',2);
INSERT INTO EMP VALUES(3,'88880003','陈三文','13988880003','猫儿胡同003号','在职','2014-03-15',null,'陈老文','13688880003','88880003@qq.com',3);
INSERT INTO EMP VALUES(4,'88880004','陈四文','13988880004','猫儿胡同004号','在职','2014-03-15',null,'陈老文','13688880004','88880004@qq.com',1);
INSERT INTO EMP VALUES(5,'88880005','陈五文','13988880005','猫儿胡同005号','在职','2014-03-15',null,'陈老文','13688880005','88880005@qq.com',1);
INSERT INTO EMP VALUES(6,'88880006','陈六文','13988880006','猫儿胡同006号','在职','2014-03-15',null,'陈老文','13688880006','88880006@qq.com',1);
INSERT INTO EMP VALUES(7,'88880007','陈七文','13988880007','猫儿胡同007号','离职','2014-03-15','2014-07-15','陈老文','13688880007','88880007@qq.com',1);
INSERT INTO EMP VALUES(8,'88880008','陈八文','13988880008','猫儿胡同008号','在职','2014-03-15',null,'陈老文','13688880008','88880008@qq.com',1);
INSERT INTO EMP VALUES(9,'88880009','陈九文','13988880009','猫儿胡同009号','在职','2014-03-15',null,'陈老文','13688880009','88880009@qq.com',1);
INSERT INTO EMP VALUES(10,'88880010','陈十文','13988880010','猫儿胡同010号','在职','2014-03-15',null,'陈老文','13688880010','88880010@qq.com',1);
INSERT INTO EMP VALUES(11,'88880011','陈甲文','13988880011','猫儿胡同011号','在职','2014-03-15',null,'陈老文','13688880011','88880011@qq.com',1);
INSERT INTO EMP VALUES(12,'88880012','陈乙文','13988880012','猫儿胡同012号','在职','2014-03-15',null,'陈老文','13688880012','88880012@qq.com',1);
INSERT INTO EMP VALUES(13,'88880013','陈丙文','13988880013','猫儿胡同013号','在职','2014-03-15',null,'陈老文','13688880013','88880013@qq.com',1);



DROP TABLE SALARY_ITEM
CREATE TABLE SALARY_ITEM
(ID INT PRIMARY KEY,
ITEM VARCHAR(20),
CHARGE DECIMAL(20, 2),
);
INSERT INTO SALARY_ITEM VALUES(1,'加班费',100.00);
INSERT INTO SALARY_ITEM VALUES(2,'课时费',120.00);
INSERT INTO SALARY_ITEM VALUES(3,'提成',350.00);